iter	MAE	RMSE
0	14081.19974	21788.30803
5	9694.989093	15739.51672
10	6815.234067	11975.673
15	5000.810394	9476.701408
20	3866.466121	7841.059364
25	3150.005275	6866.475684
30	2741.995755	6179.42707
35	2474.782152	5705.598341
40	2321.914048	5371.409132
45	2205.931862	5144.284409
50	2133.799659	4942.859044
55	2075.877661	4778.847271
60	2027.150397	4644.365172
65	1992.918355	4550.627096
70	1962.442959	4468.784703
75	1942.655298	4416.361124
80	1916.547607	4330.832341
85	1899.202022	4285.547136
90	1883.901608	4231.718855
95	1868.155415	4173.776426
100	1856.010992	4133.04561
105	1841.698519	4086.530896
110	1833.380035	4053.896944
115	1824.553349	4022.886869
120	1812.213026	3984.802348
125	1800.611353	3936.535336
130	1790.56942	3907.73532
135	1783.35037	3874.818126
140	1772.219799	3836.752315
145	1762.842905	3800.607172
150	1752.460993	3773.100205
155	1744.111887	3751.685787
160	1736.799009	3729.201208
165	1729.591932	3704.701709
170	1722.813951	3685.423538
175	1715.593135	3664.260537
180	1710.506214	3646.795274
185	1703.197262	3628.143536
190	1696.956926	3611.227006
195	1689.459926	3585.192026
200	1684.327858	3571.813069
205	1677.863552	3553.903126
210	1671.729607	3537.289704
215	1666.788532	3521.6785
220	1660.716222	3500.11685
225	1654.203433	3481.232618
230	1648.462858	3463.000843
235	1642.958717	3448.746285
240	1638.422691	3436.658289
245	1634.187386	3420.717121
250	1629.777674	3409.233409
255	1625.267265	3398.459865
260	1622.080161	3389.021097
265	1618.09503	3375.302757
270	1613.645962	3359.922546
275	1609.858007	3346.933968
280	1605.492756	3335.246599
285	1598.997534	3316.013994
290	1592.767209	3298.494054
295	1589.500313	3282.344714
300	1585.027002	3270.795893
305	1580.146581	3250.043159
310	1574.928537	3236.8222
315	1570.51647	3222.267991
320	1564.595502	3201.623351
325	1560.565911	3189.192161
330	1557.309811	3179.177792
335	1554.775184	3171.218548
340	1551.061231	3161.736623
345	1545.789305	3146.583739
350	1541.578732	3130.264046
355	1538.247451	3119.890848
360	1535.309737	3111.197657
365	1532.378501	3102.311524
370	1527.804885	3092.307519
375	1524.247378	3083.53839
380	1520.620579	3071.92881
385	1518.221001	3064.600544
390	1515.705905	3057.369766
395	1512.953884	3049.115912
400	1509.691698	3040.023193
405	1507.012992	3031.058377
410	1504.554526	3021.693147
415	1501.733508	3013.851419
420	1499.393014	3006.747552
425	1496.623425	2999.496994
430	1491.770485	2984.022374
435	1489.490744	2977.627375
440	1487.092736	2969.224021
445	1485.020083	2963.464847
450	1481.840242	2955.865238
455	1479.44675	2948.054046
460	1476.627891	2942.033311
465	1473.961453	2934.394912
470	1471.807633	2929.744382
475	1469.353486	2922.831392
480	1466.359534	2915.661149
485	1463.720087	2909.537599
490	1460.57499	2902.587841
495	1458.579578	2897.925248
500	1455.739422	2882.106286
505	1453.633497	2876.930696
510	1450.403504	2859.278913
